command,mean,stddev,median,user,system,min,max
systemd-run --user --scope --property=CPUQuota=200% ./newton -l1000 -t1 2,0.1900709013569231,0.008281870303063585,0.18774738228,0.15835179384615386,0.05738177230769232,0.17892447728,0.21041604128
